{
    "accuracy": 0.8122375,
    "precision": 0.8125025852007494,
    "recall": 0.8122375,
    "f1_score": 0.8121976734355201
}