{
    "accuracy": 0.812221875,
    "precision": 0.8124879726805553,
    "recall": 0.812221875,
    "f1_score": 0.8121818910906048
}